generation,observed_switches
1,0.0
2,1.2247142857142856
3,2.47075
4,3.712892857142857
5,4.956607142857143
6,6.191392857142858
7,7.440642857142858
8,8.668142857142858
9,9.945821428571428
10,11.219035714285715
11,12.4135
