generation,observed_switches
4,3.711535714285714
5,4.950392857142857
6,6.176214285714286
7,7.407821428571428
8,8.639107142857142
9,9.8655
10,11.149357142857143
10,11.149357142857143
11,12.397678571428571
11,12.397678571428571
