generation,observed_switches
1,0.0
2,1.2458571428571428
3,2.522464285714286
4,3.7943214285714286
5,5.046571428571428
6,6.292
7,7.56975
8,8.835285714285714
9,10.077964285714286
10,11.326357142857143
11,12.576964285714286
