generation,observed_switches
1,0.0
2,1.2366071428571428
3,2.499214285714286
4,3.756607142857143
5,5.005107142857143
6,6.239357142857143
7,7.479321428571429
8,8.687678571428572
9,9.956285714285714
10,11.169428571428572
11,12.40857142857143
