generation,observed_switches
4,3.7318214285714286
5,4.977071428571429
6,6.230071428571429
7,7.500357142857143
8,8.73242857142857
9,9.964
10,11.191535714285715
11,12.427928571428572
