generation,observed_switches
1,0.0
2,1.2586428571428572
3,2.5108928571428573
4,3.739535714285714
5,4.988321428571428
6,6.210214285714286
7,7.438642857142857
8,8.697071428571428
9,9.962535714285714
10,11.229857142857142
11,12.505821428571428
