generation,observed_switches
4,3.767857142857143
5,5.024928571428571
6,6.2938214285714285
7,7.564035714285715
8,8.816535714285715
9,10.038607142857144
10,11.243107142857143
11,12.503357142857142
