generation,observed_switches
1,0.0
2,1.2555
3,2.494142857142857
4,3.75075
5,5.0171785714285715
6,6.2571071428571425
7,7.522857142857143
8,8.76275
9,10.007285714285715
10,11.227607142857142
11,12.503107142857143
