generation,observed_switches
1,0.0
2,1.26225
3,2.5027142857142857
4,3.76275
5,4.988642857142857
6,6.227571428571428
7,7.4835
8,8.77075
9,9.994
10,11.234321428571429
11,12.468464285714285
