generation,observed_switches
1,0.0
2,1.2560714285714285
3,2.471964285714286
4,3.7233214285714284
5,4.957
6,6.2054285714285715
7,7.429821428571429
8,8.714142857142857
9,9.964821428571428
10,11.233285714285714
11,12.47332142857143
