generation,expected_switches
0,0.0
1,1.250000000000001
2,2.493749999999989
3,3.731281249999996
4,4.962624843750013
5,6.187811719531256
6,7.406872660933594
7,8.61983829762894
8,9.826739106140792
9,11.027605410610096
10,12.222467383557035
