generation,expected_switches
0,0.0
1,1.2499999999998623
2,2.4993749999996373
3,3.7481253124996283
4,4.99625124984332
5,6.24375312421821
6,7.49063124765581
7,8.736885932031925
8,9.982517489065811
9,11.227526230321027
10,12.471912467205692
