generation,expected_switches
0,0.0
1,1.249999999998752
2,2.49995535713865
3,3.7498660730206357
4,4.999732149230107
5,6.249553587364121
6,7.499330389023617
7,8.749062555793996
8,9.998750089272313
9,11.248392991051738
10,12.497991262729325
