generation,observed_switches
1,0.0
2,1.27855
3,2.53665
4,3.76365
5,5.0124
6,6.29745
7,7.58265
8,8.81765
9,10.10415
10,11.317
11,12.54735
