generation,observed_switches
1,0.0
2,1.25045
3,2.50355
4,3.72955
5,4.9412
6,6.19775
7,7.46035
8,8.71005
9,9.97355
10,11.1867
11,12.45955
