generation,observed_switches
1,0.0
2,1.24805
3,2.48105
4,3.75405
5,5.0232
6,6.2882
7,7.54695
8,8.79095
9,10.05465
10,11.317
11,12.5843
