generation,observed_switches
1,0.0
2,1.26125
3,2.5352
4,3.8034
5,5.05435
6,6.2932
7,7.5657
8,8.8097
9,10.06875
10,11.35635
11,12.6157
