generation,observed_switches
1,0.0
2,1.25795
3,2.48675
4,3.73125
5,4.9788
6,6.22775
7,7.47255
8,8.71475
9,9.96855
10,11.23865
11,12.50215
