generation,observed_switches
1,0.0
2,1.24905
3,2.50465
4,3.7395
5,5.00695
6,6.24415
7,7.50225
8,8.7408
9,10.00845
10,11.28985
11,12.5395
