generation,observed_switches
1,0.0
2,1.23725
3,2.46545
4,3.68705
5,4.9474
6,6.2141
7,7.47475
8,8.7128
9,9.94615
10,11.23915
11,12.4464
