generation,observed_switches
1,0.0
2,1.25155
3,2.47405
4,3.6907
5,4.95025
6,6.19885
7,7.4559
8,8.6859
9,9.94825
10,11.17005
11,12.4088
