generation,observed_switches
1,0.0
2,1.26155
3,2.50355
4,3.7532
5,5.0275
6,6.2739
7,7.51805
8,8.7682
9,9.9884
10,11.28725
11,12.5005
