generation,observed_switches
6,19.215821428571427
7,23.054642857142856
8,26.85932142857143
9,30.66014285714286
