generation,observed_switches
2,3.7960714285714285
3,7.613071428571429
4,11.426357142857142
5,15.258607142857143
6,19.073392857142856
7,22.857357142857143
8,26.677357142857144
9,30.47775
10,34.29103571428571
11,38.11078571428571
