generation,observed_switches
9,30.523035714285715
10,34.35567857142857
11,38.172642857142854
