generation,observed_switches
2,3.8137142857142856
3,7.612107142857143
4,11.458571428571428
5,15.256035714285714
6,19.091
7,22.928035714285713
8,26.75475
9,30.531
10,34.32246428571428
11,38.095035714285714
