generation,observed_switches
2,3.849107142857143
3,7.6737142857142855
4,11.463285714285714
5,15.281607142857142
6,19.091142857142856
7,22.885928571428572
8,26.71857142857143
9,30.56010714285714
10,34.40114285714286
11,38.21196428571429
