generation,observed_switches
2,3.7913214285714285
3,7.633678571428572
4,11.4815
5,15.330035714285714
6,19.128785714285716
7,22.91314285714286
8,26.71175
9,30.578464285714286
10,34.427571428571426
11,38.29467857142857
