generation,observed_switches
2,3.83065
3,7.6846
4,11.48765
5,15.26995
6,18.98965
7,22.8294
8,26.7574
9,30.5385
10,34.39
11,38.23565
1,0.0
