generation,observed_switches
1,0.0
2,3.772
3,7.5379
4,11.29005
5,15.0811
6,18.84435
7,22.6324
8,26.42155
9,30.2663
10,34.0831
11,37.94485
