generation,observed_switches
1,0.0
2,3.8486
3,7.6675
4,11.48365
5,15.28565
6,19.08895
7,22.9019
8,26.74335
9,30.5087
10,34.2524
11,38.0208
