generation,observed_switches
1,0.0
2,3.7904
3,7.57935
4,11.42745
5,15.2483
6,19.04665
7,22.8529
8,26.64475
9,30.44145
10,34.26765
11,38.08165
