generation,observed_switches
1,0.0
2,3.7908
3,7.6459
4,11.46085
5,15.2906
6,19.08035
7,22.88495
8,26.69705
9,30.49155
10,34.3087
11,38.11765
