generation,observed_switches
1,0.0
2,3.86375
3,7.73425
4,11.53925
5,15.31215
6,19.13535
7,22.927
8,26.68905
9,30.5709
10,34.3465
11,38.139
