generation,observed_switches
1,0.0
2,3.8392
3,7.61885
4,11.4205
5,15.2334
6,19.0465
7,22.80375
8,26.6661
9,30.5841
10,34.4409
11,38.2478
