generation,observed_switches
1,0.0
2,3.7879
3,7.58335
4,11.3853
5,15.16185
6,18.97535
7,22.7697
8,26.5729
9,30.3741
10,34.2189
11,37.95105
