generation,expected_switches
0,0.0
1,3.8124768938912332
2,7.620400719660271
3,11.425339926994944
4,15.214491053694655
5,19.016415713117453
6,22.71600309194361
7,26.568684047845213
8,30.2970135636607
9,34.13293229256995
10,37.92296475244658
