generation,expected_switches
0,0.0
1,3.799317623376534
2,7.553355013216939
3,11.278095822926941
4,14.847449467068797
5,18.54386067397897
6,21.23995393489059
7,25.435322164403974
8,28.42120278645101
9,32.451158451324865
10,36.037102501444735
