generation,expected_switches
0,0.0
1,3.813792820942745
2,7.627130084316418
3,11.44016833286787
4,15.251625258818835
5,19.06436020615609
6,22.866838063898896
7,26.684657297048442
8,30.490006769073936
9,34.30614751730867
10,38.11768446373838
