generation,expected_switches
0,0.0
1,3.8138345964013105
2,7.627343788846165
3,11.440639386748307
4,15.25280541142241
5,19.065884323649144
6,22.871636212921484
7,26.68834695426183
8,30.496149937132458
9,34.311661709261216
10,38.12388470673537
