generation,observed_switches
1,0.0
2,3.8137142857142900
3,7.612107142857140
4,11.458571428571400
5,15.256035714285700
6,19.091
7,22.928035714285700
8,26.75475
9,30.531
10,34.32246428571430
11,38.095035714285700