generation,observed_switches
1,0.0
2,3.716392857142860
3,7.538607142857140
4,11.39325
5,15.220142857142900
6,19.022285714285700
7,22.84407142857140
8,26.695071428571400
9,30.52092857142860
10,34.31596428571430
11,38.08317857142860