generation,observed_switches
1,0.0
2,3.8848214285714286
3,7.752428571428571
4,11.616714285714286
5,15.452535714285714
6,19.24685714285714
7,23.023892857142858
8,26.87157142857143
9,30.699
10,34.52703571428572
11,38.359964285714284
