generation,observed_switches
1,0.0
2,3.8786071428571400
3,7.732642857142860
4,11.565
5,15.398535714285700
6,19.215821428571400
7,23.054642857142900
8,26.85932142857140
9,30.66014285714290
10,34.4935
11,38.27232142857140