generation,observed_switches
1,0.0
2,3.8105357142857100
3,7.629428571428570
4,11.38275
5,15.189178571428600
6,19.011535714285700
7,22.822964285714300
8,26.630142857142900
9,30.46710714285710
10,34.253321428571400
11,38.08507142857140