generation,observed_switches
1,0.0
2,3.7913214285714300
3,7.633678571428570
4,11.4815
5,15.330035714285700
6,19.128785714285700
7,22.91314285714290
8,26.71175
9,30.578464285714300
10,34.427571428571400
11,38.29467857142860