generation,observed_switches
1,0.0
2,3.849107142857140
3,7.6737142857142900
4,11.463285714285700
5,15.281607142857100
6,19.091142857142900
7,22.885928571428600
8,26.71857142857140
9,30.56010714285710
10,34.40114285714290
11,38.21196428571430