generation,observed_switches
1,0.0
2,3.7960714285714300
3,7.613071428571430
4,11.426357142857100
5,15.258607142857100
6,19.073392857142900
7,22.857357142857100
8,26.677357142857100
9,30.47775
10,34.29103571428570
11,38.11078571428570