generation,observed_switches
1,0.0
2,3.7663571428571400
3,7.604607142857140
4,11.439035714285700
5,15.287928571428600
6,19.08675
7,22.92475
8,26.726607142857100
9,30.523035714285700
10,34.35567857142860
11,38.172642857142900