generation,observed_switches
1,0.0
2,3.865
3,7.71125
4,11.574535714285700
5,15.372892857142900
6,19.19232142857140
7,22.95492857142860
8,26.77857142857140
9,30.603357142857100
10,34.41914285714290
11,38.19492857142860